recommendationid,author,language,review,timestamp_created,timestamp_updated,voted_up,votes_up,votes_funny,weighted_vote_score,comment_count,steam_purchase,received_for_free,written_during_early_access,primarily_steam_deck
209278658,"{'steamid': '76561198135525874', 'num_games_owned': 0, 'num_reviews': 6, 'playtime_forever': 241, 'playtime_last_two_weeks': 241, 'playtime_at_review': 25, 'last_played': 1763308763}",japanese,何の反応も示さないランチャーが立ち上がってるだけでプレイ時間カウントされていくの斬新で面白い,1763210611,1763210611,True,216,150,0.737893462181091309,2,True,False,False,False
209290216,"{'steamid': '76561198120082427', 'num_games_owned': 327, 'num_reviews': 19, 'playtime_forever': 1523, 'playtime_last_two_weeks': 1523, 'playtime_at_review': 131, 'last_played': 1763394661}",japanese,"お布施の意味もあるので私個人は構いませんが。
ランチャー起動で2時間消費させるという戦略は商売上手だと思いました。
8年という歳月程度ではニキータを変えることはできないのです。",1763218309,1763218309,True,105,50,0.719705939292907715,0,True,False,False,False
209336474,"{'steamid': '76561198075148334', 'num_games_owned': 7059, 'num_reviews': 47, 'playtime_forever': 111, 'playtime_last_two_weeks': 111, 'playtime_at_review': 65, 'last_played': 1763252691}",japanese,"2017,18年くらいまでプレイしてました。
当時は日本語がなく苦労したが、いつの間にか対応しててヨシ！

でもやっぱお前ホラーゲームより怖いよな…",1763249901,1763249901,True,27,2,0.662106692790985107,0,True,False,False,False
209434513,"{'steamid': '76561198015794830', 'num_games_owned': 0, 'num_reviews': 1, 'playtime_forever': 714, 'playtime_last_two_weeks': 714, 'playtime_at_review': 714, 'last_played': 1763330080}",japanese,"初日　　メンバー登録がメンテナンスで出来ず、プレイ不可
二日目　マッチング時間がプレイ時間より長いため脱出を検討
三日目　タルコフから生還した",1763337500,1763337535,True,42,34,0.659951388835906982,1,True,False,False,False
209450775,"{'steamid': '76561199776280131', 'num_games_owned': 0, 'num_reviews': 1, 'playtime_forever': 30, 'playtime_last_two_weeks': 30, 'playtime_at_review': 30, 'last_played': 1763355893}",japanese,"リリース初日はサーバーの影響で接続が出来なかったので後日にプレイ。
それはまあどのゲームにもあるとして、
元々S.T.A.L.K.E.R.が好きで、S.T.A.L.K.E.R.シリーズの影響を受けたこのゲームが気になっていたのと、
日本でも一部界隈で人気があり、話題に上がるので期待して始めましたが、人を選ぶゲームだなと思いました。

このゲームをやって一番良かったことは、『このゲームが流行ってる！』という理由で無理にゲームをやるより、『自分がやってて楽しい』と思うゲームをやるのが普通であるのを思い出させてくれました。
",1763359243,1763359243,True,44,5,0.65041738748550415,0,True,False,False,False
209278654,"{'steamid': '76561197990262877', 'num_games_owned': 0, 'num_reviews': 21, 'playtime_forever': 1321, 'playtime_last_two_weeks': 1321, 'playtime_at_review': 161, 'last_played': 1763484524}",japanese,"ログイン戦争2時間経過、返品はもうできません
そういうこと？やるじゃんニキータ
いちいち癪に触るヤローだ！",1763210605,1763217500,True,124,77,0.699928104877471924,0,True,False,False,False
209443176,"{'steamid': '76561197972625332', 'num_games_owned': 116, 'num_reviews': 7, 'playtime_forever': 606, 'playtime_last_two_weeks': 606, 'playtime_at_review': 383, 'last_played': 1763430576}",japanese,"steamから起動できなくて憤ってましたが起動できるようになりました。
steamからEscapeFromTarkov選択して起動したランチャーの右上にあるユーザー名をクリックしてLauncherSettingを選ぶ。
そしたらGame Install FolderをクリックしてEFTをインストールしたFolderをえらぶ
C:\SteamLibrary\steamapps\common\Escape from Tarkov
とかが基本だと思います。
とりあえず私はこれでプレイできるようになりました",1763348160,1763348266,True,27,2,0.648943483829498291,0,True,False,False,False
209281496,"{'steamid': '76561198233916104', 'num_games_owned': 0, 'num_reviews': 1, 'playtime_forever': 2748, 'playtime_last_two_weeks': 2748, 'playtime_at_review': 25, 'last_played': 1763489532}",japanese,"タルコフ最高！！！
β版1万時間も遊ばせてもらった！！
正式版もいっぱいやる！！！！
でもすでに2時間ログインできません",1763212483,1763212483,True,71,22,0.655226588249206543,0,True,False,False,False
209568104,"{'steamid': '76561199379896515', 'num_games_owned': 0, 'num_reviews': 1, 'playtime_forever': 610, 'playtime_last_two_weeks': 610, 'playtime_at_review': 610, 'last_played': 1763494374}",japanese,"　ダッコフでこのジャンルを初めて触って、正式版がリリースされたようなのでこれを機にタルコフデビューしました。結論から言うと、現時点までのレビューや悪い噂を見聞きしてそれでも気になる！やってやろうじゃねーの！と考えてる人にはおすすめできます。
　私は友人にこのゲームは新規に優しくないぞ、大丈夫か？と念入りに確認されましたが、それを押し通して購入しました。それでもいきなりPVPからやると即引退したくなると聞いていたので少しだけpvpを触った後ちゃんと絶望して、PVEで改めて始めましたが、フツーにAI強すぎですw。AIにも56され、マップの初見殺し要素にもことごとく引っかかっていますが、なんとかやってます。初心者目線としては、脱出口の場所も分からないし、SCAVとPMCの見分け方も分からないし、他ゲーに比べてマッチング時間長いなとか、本当に新規に優しくないゲームだなぁと思いながらもそれを事前に聞いてるうえでゲームを購入してるわけなので特に不満はないです。wikiとにらめっこしながら必死に出口を探して、レアそうなアイテムを頑張ってかばんに上手に詰めて、出血骨折しながら帰るのが今のところ楽しいですし、動画や経験者のブログで知識を少しずつ付けていくのが好きなタイプなので、当面の目標としてwikiを見ないでも帰れるようになりたいなと思いながら遊んでます。
　※自分はスタンダードエディションをsteamで購入後、しばらくプレイして今後もプレイし続けるだろうなと思ったので、公式サイトからエディションをunheardまでアップグレードしました。（後悔はしない、はず。）公式サイト→ログイン→プロフィール→purchase（もしくはオファーのthe unheard editionをクリックするとそこから様々なエディションを選べます）という手順です。自分同様steamからの新規勢で、アップグレードのやり方が分からなかったら参考にしてみてください。
　さて長々と書いていたらscavのクールダウンが明けたので、またビクビクとしながらゴミ漁りしてきます！それではロシアで逢いましょう",1763497814,1763497814,True,9,0,0.599248886108398438,0,True,False,False,False
209527991,"{'steamid': '76561197993565942', 'num_games_owned': 526, 'num_reviews': 12, 'playtime_forever': 3239, 'playtime_last_two_weeks': 3239, 'playtime_at_review': 2877, 'last_played': 1763534686}",japanese,"リリース直後のサーバーダウンによりレビューではそれに言及する内容が多いですが、現在はほぼ解消しています。

公式でベータのうちに購入してSteamで買い直してるので、プレイ時間は500時間程度です。

言わずと知れたルートシューターの元祖。
基本的なゲームのルールの解説は他に譲るとして、特筆すべき点について。

このゲームは基本的にほぼ内容の説明がありません。
例えばマップの脱出場所の名前は出てくるけども、具体的にどこにあるかはわかりません。
ゲーム内で地図を買うことができますが、その地図も等高線の入ったガチの地形図だったり、工場のマップでは工場の設計図だったりして使えるもんじゃないです。
ただのフレーバーアイテムです。もちろん現在位置は表示されません。
なので基本的にマップを覚えるまでは公式wikiにある地図画像を見ることになります。
その他についても同様です。
タスク（クエスト）を受けて、マップの特定の場所にアイテムを取りに行ったりするのですが、その場所の詳しい説明もありません。
また、敵に撃たれると軽出血、重出血、骨折、壊死、その他のデバフがかかり、治すにはそれぞれに対応する特定のアイテムを使う必要があるんですが、チュートリアル的なものはありません。
自分や敵が死ぬのにも条件があって、基本的に頭部か胸部のHPが0になる以外では死なないんですが（実際はここまで単純じゃないです）、こういう仕様の説明もありません。
以上の、ゲームをプレイする（生きて脱出する）、タスクを受けてストーリーを進める、という点においては外部の情報がほぼ必須です。

いやいや、外部情報は単にプレイする上でのショートカットに過ぎなくて、実際は自分で試行錯誤していくタイプのゲームなんでしょ？と思った方もいるかも知れないですが、これは明確な誤りです。
よほどの有閑階級のお嬢様かつ強靭な精神力を持っていなければ無理です。
ゲームするのにいちいち調べたりするなんて嫌だっていう方にはタルコフは合わないと思います。
ただ、これってどういうこと？って調べる人に対しては、ネットに膨大な量の解説がありますので、参考にしてもいいですし、細かい仕様等については経験則でなんとなくでやっても遊べます。

と、前段をお話したところで、じゃあ結局そんなめんどくさいゲームって面白いの？というところなんですが、面白いです。
さっきのとおり予習して、システムを理解してさあ行くぞと出撃すると、おそらくあなたはエリア外の地雷に引っかかって死んだり、存在に気づかないまま遠距離から熟練プレイヤーに頭を抜かれて即死するでしょう。
最初のタスクをこなすのに何時間もかかるかもしれません。
探してこいと言われたアイテムが何十時間も見つからないかもしれません。

ただそのストレスが、成功したときの喜びをとんでもなく大きなものにするのです。
この点において、他のゲームでは決して接種することができないほどの脳内快楽物質が出ます。
これは本当に、ゲーム性の似ている他のゲームでも決して替えが効かないほどです。
これがタルコフの中毒者を生む理由です。
この構造は、喫煙者がたばこを我慢してたあとに吸うと気分がいいみたいな、自分からストレスを受けておいて気持ちよくなるっていう構造なので、健全かどうかは知らないですけど。

じゃあストレス受けてやるゲームって楽しいの？という点ですが、これは個人差があるかと思います。
個人的には、他のチームプレイのFPSでワンサイドゲームを食らったり、味方の動きにイライラしたりするより全然気分がいいです。
タルコフで敵にやられたときは、怒りとか悔しさと言うより、「仕方ない」というある種の諦めを感じます。
配信者を見ると、何千時間もプレイしているベテランが地雷を食らったり、不意打ちでやられたりする場面を見られます。
そういうゲームなのです。

無事に生還できれば実力、途中でやられたときは運が悪かっただけなのです。

そう思って、やられてもさあ次の挑戦だ、とプレイし続ける奇特な人達によってこのゲームは成り立ってます。

以上を読んでハードルが高そうなゲームだなと思った方、半分合ってて間違ってます。
めんどくさいゲームですがハードルは高くありません。
最初の一歩を踏み出したら、あとはタスクを進めてみたい、次はもっとうまくやりたい、という気持ちで自然と公式wikiを読み込んでいるでしょう。",1763454374,1763477933,True,26,2,0.572830021381378174,0,True,False,False,False
209411177,"{'steamid': '76561199303608695', 'num_games_owned': 0, 'num_reviews': 2, 'playtime_forever': 4412, 'playtime_last_two_weeks': 4412, 'playtime_at_review': 1462, 'last_played': 1763534893}",japanese,"ベータで長らく遊んでいますが、せっかくなのでsteam版も買いました。

他のコメントで散々言われている通り、
[h1]ゲーム体験は本当に理不尽とストレスの嵐。[/h1]

様々な要素が時代に逆行しているどころではないのだが、しかしどう足掻いてもこのゲームでしか得られない栄養があるし、この苦行としか言えないゲーム内容だからこそのカタルシスがあるのも事実。

いわゆるタルコフライクと言われるゲームは総じてストレスを排除する方向で開発しており、パッと見の所感は良いのだがすぐ飽きるし深みがない。
[b]だってストレスがないから。[/b]
最近出たArcもプレイフィールはかなり良いのだが、やらないとマジで困るような強制的タスクは実質ないし、ファームしたりプレイヤーを倒した時の喜びがほぼないため次第に襲ってくる虚無感が凄い。

しかし本家タルコフは違う。こいつは劇薬だ。あらゆる理不尽とストレスに耐えることを要求してくる。覚えることは多いし、不親切な設計だし、何より孤独だ。たった一人で全ての苦行に耐え抜かないといけない。
けど一つのタスクをこなしたとき、欲しいアイテムを持ち帰れたとき、良い装備の敵を（時にはラッキーパンチで）倒せたとき、何者にも代えがたい脳汁が出る。他のゲームではこうはいかない。ストレスがないから。

[h1]それはそれとして運営体制はマジで最悪です。[/h1]
正式版なのにマッチングすらまともに出来なかったり、プレイヤーを苦しめたいがだけの難易度調整を行ったり、ゲーム体験のカタルシスとは関係無いただのストレスが本当～～～～～～～～～～～に多い。これのせいで余裕の不評である。まあその上で面白いって言えるくらいゲーム自体が凄いんだけど。

一応そこら辺のゲームQoLについては改善する気はあるようなので、あまり期待せずに期待しておきます。
他のタルコフライクも高難易度や理不尽を排除するんじゃなくて、いらないストレスを消したタルコフライクを出してくれればいいのになぁ……いらんストレスがなくなったタルコフとか絶対爆流行りするじゃんね。",1763317885,1763318042,True,19,6,0.561849832534790039,0,True,False,False,False
209294184,"{'steamid': '76561198417634732', 'num_games_owned': 0, 'num_reviews': 8, 'playtime_forever': 3391, 'playtime_last_two_weeks': 3518, 'playtime_at_review': 12, 'last_played': 1763526986}",japanese,そもそも閉じ込めてくれないから脱出できないゲーム　50％引きにしてくれよぉ,1763220750,1763220756,True,4,0,0.551508069038391113,0,True,False,False,False
209551890,"{'steamid': '76561199141001931', 'num_games_owned': 0, 'num_reviews': 1, 'playtime_forever': 1384, 'playtime_last_two_weeks': 1384, 'playtime_at_review': 1362, 'last_played': 1763483607}",japanese,"正式版を機に初タルコフです
むしろタルコフどころかFPSゲーが初めてです
PVEモードで練習のつもりで遊んでいます
開始30分で全ての初期アイテムとお金をロストし、現在はナイフのみで出撃しています
4マスのゴミを持ち帰るだけのゲームですが楽しいです
4マスのゴミを持ち帰るだけの遊びをしているのにローディングが糞長いです",1763482707,1763482707,True,5,10,0.548973560333251953,0,True,False,False,False
209273133,"{'steamid': '76561199092678009', 'num_games_owned': 554, 'num_reviews': 16, 'playtime_forever': 5278, 'playtime_last_two_weeks': 5305, 'playtime_at_review': 188, 'last_played': 1763534612}",japanese,Steam版のランチャー版からだとログインすらできないのに、webから購入した方だとランチャー起動出来るのヤバ過ぎ。サーバー弱過ぎ。冷遇やめてね💨✋,1763207275,1763218681,True,15,2,0.542577028274536133,1,True,False,False,False
209281347,"{'steamid': '76561199219088889', 'num_games_owned': 0, 'num_reviews': 1, 'playtime_forever': 902, 'playtime_last_two_weeks': 902, 'playtime_at_review': 7, 'last_played': 1763464356}",japanese,発売日にダウンロードしてもサーバー落ちでプレイできないのは15日発売ではないといっても過言ではない。ダウンロード開始も２０時と遅かったし…ｗ,1763212380,1763212389,True,7,3,0.539036929607391357,0,True,False,False,False
209323545,"{'steamid': '76561198087823131', 'num_games_owned': 0, 'num_reviews': 2, 'playtime_forever': 18, 'playtime_last_two_weeks': 18, 'playtime_at_review': 18, 'last_played': 1763238697}",japanese,"今のうちに返品するんだ
ランチャーを起動しているだけでプレイ時間が加算されて返品できなくなるシステム
よくできているよな？

ところで俺達は製品版をプレイしようとしていたのか？
安心しろ、このゲームは一生ベータ版だ

アンハードエディションを買っていた仲間達は喜んでタルコフ市に入っていったよ
せっかくアヒルの世界でお散歩していたのになんてこった

お前達の席は残念ながらまだ空いていない
大人しく明日を待つんだな


ってプレパーおじさんが言ってました。",1763239789,1763239789,True,6,5,0.532939553260803223,0,True,False,False,False
209396305,"{'steamid': '76561199015266760', 'num_games_owned': 55, 'num_reviews': 3, 'playtime_forever': 890, 'playtime_last_two_weeks': 890, 'playtime_at_review': 107, 'last_played': 1763487066}",japanese,"マッチングがめっちゃ長いのが難点です
それ以外は楽しいのでおすすめです
あとマッチングがめっちゃ長いです",1763307322,1763307322,True,9,1,0.531164646148681641,0,True,False,False,False
209287003,"{'steamid': '76561199493569438', 'num_games_owned': 0, 'num_reviews': 1, 'playtime_forever': 323, 'playtime_last_two_weeks': 323, 'playtime_at_review': 81, 'last_played': 1763476210}",japanese,"ニキータのところに行かないと買えないというタルコフが製品版発売ということで期待して購入したけど…


20時まで待たせておいて、そこからダウンロードして、アカウントを作れというからwebページまで飛んで、結局メンテナンス、そのうえサーバーまで弱いっていうのはどうなの？

一応公式からは1時から動き始めるみたいだけど…......そこまで起きろというのは苦だよ

ニキータニキが統治するタルコフ市の入国審査は厳しいって聞いてたけどここまでとは

だけど今日は寝て明日できれば問題はないから今日のところは一応見逃してあげよう。


明日プレイできなかったら返金してやるからな。",1763216189,1763216189,True,5,2,0.530667483806610107,0,True,False,False,False
209304750,"{'steamid': '76561199009407266', 'num_games_owned': 187, 'num_reviews': 51, 'playtime_forever': 1522, 'playtime_last_two_weeks': 1522, 'playtime_at_review': 209, 'last_played': 1763470571}",japanese,"1500時間以上プレイし、TGSで6万円以上お金を散財し、スタンダートからUnheardへのアップグレードで約3.5万吹き飛び、そしてSteam版を再度購入し、胸を高鳴らせながらSteamクライアントのPreloadをし、そして正式リリースの午後八時にプレイボタンを押しても認証エラーが出続けても尚、午後11時まで3時間悪戦苦闘し、そしてやっとプレイできたと思い、タルコフを一時間半プレイしたらSkirとの会話画面で午前2時辺りに""Backend error""が表示され、ストリーマーも一緒か確認する。
どれだけサーバーがポテトでもまだこのゲームをする。どれだけ金銭的にBSGから哀れな金をすべて溶かすVオタの様になっても私はそれでもこのゲームをプレイし、低評価を購入後に押そうかと思ったが、それでもこのゲームが大好きだから、このゲームをおすすめしますか？の「はい」と共に親指を立てる。
そして暇を持て余しこのレビューをクソカキコしている。
そしてやっと私はEscape From Tarkovの意味に気づくのであった。
例え私がゲーム内でタルコフから脱出できたとしても、私の魂と尊厳はタルコフに閉じ込められたままなのだ。
Cyka blyat nikkita! You trapped me my soul in Tarkov!
ありがとうNikkita、貴方がプレイヤー一同がどれ程苦しもうと、サディスティックなあなたはマソ搔きながらこのゲームを作っているのです。
中指をどれだけ立てたくても、このゲームを正式リリースしてくれてありがとう。

[spoiler]Никита, спасибо тебе за Тарков...![/spoiler]",1763227185,1763227204,True,9,15,0.529835164546966553,0,True,False,False,False
209321195,"{'steamid': '76561198034511796', 'num_games_owned': 0, 'num_reviews': 3, 'playtime_forever': 107, 'playtime_last_two_weeks': 107, 'playtime_at_review': 107, 'last_played': 1763238445}",japanese,"日付変わって11/16 05:20 現在 未だプレーできておりません。
タルコフが逃げるな
返品しました。浮いた分のお金で最新のウォシュレットに取り替えます。",1763238104,1763515716,True,2,2,0.523809552192687988,0,True,False,False,False
209294137,"{'steamid': '76561198288241976', 'num_games_owned': 0, 'num_reviews': 1, 'playtime_forever': 614, 'playtime_last_two_weeks': 614, 'playtime_at_review': 59, 'last_played': 1763477793}",japanese,"1秒もプレイしてないのにレビューしてるみんなのプレイ時間が２～３時間になってるの涙出てくる😢
プレイできるようになったら仲良く〇しあいましょうネ。
とりあえず登録メールはよ返して眠い",1763220722,1763220722,True,2,0,0.513684213161468506,1,True,False,False,False
209544931,"{'steamid': '76561197963313447', 'num_games_owned': 2464, 'num_reviews': 57, 'playtime_forever': 1594, 'playtime_last_two_weeks': 1594, 'playtime_at_review': 1239, 'last_played': 1763534843}",japanese,"PvEだと、STALKERとかが好きなら楽しめることうけあい。
４まんえん情弱エディションとSteamでスタンダード代払っているけど、後悔はなし。

ただ、運営とバグ（保険が機能していない）がカスすぎる。",1763476200,1763476200,True,3,1,0.510987758636474609,0,True,False,False,False
209543350,"{'steamid': '76561199091762898', 'num_games_owned': 0, 'num_reviews': 19, 'playtime_forever': 288, 'playtime_last_two_weeks': 288, 'playtime_at_review': 288, 'last_played': 1763474319}",japanese,"今始めるなら気軽に遊べてマッチングの問題もないPvE一択。
PvPやったって8年遊び続けてる猛者に狩られるだけなんだから。
PvEの脱出までの時間制限無くしてほしいって事くらいしか不満はない。",1763474754,1763474754,True,1,0,0.51009070873260498,0,True,False,False,False
209295037,"{'steamid': '76561197988900229', 'num_games_owned': 405, 'num_reviews': 27, 'playtime_forever': 4338, 'playtime_last_two_weeks': 4338, 'playtime_at_review': 42, 'last_played': 1763534193}",japanese,"ベータ版から４０００時間やってますけど　
ワイプ直後遊べないのは伝統芸です　
初心者やSteamから初めて遊ぶ人は諦めてください
今俺は前のランチャーから遊べてるのでこのゲームおすすめです",1763221228,1763221228,True,11,2,0.50904768705368042,0,True,False,False,False
209389063,"{'steamid': '76561198028369593', 'num_games_owned': 406, 'num_reviews': 6, 'playtime_forever': 283, 'playtime_last_two_weeks': 283, 'playtime_at_review': 162, 'last_played': 1763518279}",japanese,10分待ってもマッチングしない。出撃画面でおじさんを眺めるゲームとしてならおすすめです,1763302266,1763302266,True,3,0,0.505508899688720703,0,True,False,False,False
209536660,"{'steamid': '76561198897678301', 'num_games_owned': 0, 'num_reviews': 4, 'playtime_forever': 578, 'playtime_last_two_weeks': 578, 'playtime_at_review': 323, 'last_played': 1763482992}",japanese,"何も変わっちゃいないサーバーに再び到来した長々マッチングタイム...これを新規の人たちに味合わせるのはなかなか酷なことをするなと思っています。さんざん問題視されてたのにね...それでも今はいくらか落ち着いてきたしサーバーも増強するらしいので期待しておこうかなってところ。
現状ARCっていう強豪いるからヒットさせるのは難しいだろうけど細々続いてくれたらそれでいいしまた興味持ってくれた時に触ってみてくれたらそれでいいよ。
ARCよか理不尽な世界が待ってるけど慣れてきたら存外楽しめるもんだよ。
何事も慣れだよ。冷笑する気はないから気が向いたときに遊びに来てくれ。
（ところでDLC個別販売してくれないかな？STDだとすぐスタッシュいっぱいになるからさ...頼むよ、ﾆｷｰﾀ）",1763467440,1763467440,True,1,0,0.500439345836639404,0,True,False,False,False
209555361,"{'steamid': '76561199763302868', 'num_games_owned': 0, 'num_reviews': 1, 'playtime_forever': 1537, 'playtime_last_two_weeks': 1537, 'playtime_at_review': 1222, 'last_played': 1763533857}",japanese,ロード時間はベータ版と比べ長くなったように感じるが、細かい仕様自体が修正されたため。,1763485943,1763485943,True,2,0,0.49989965558052063,0,True,False,False,False
209350391,"{'steamid': '76561198853923303', 'num_games_owned': 0, 'num_reviews': 3, 'playtime_forever': 31, 'playtime_last_two_weeks': 31, 'playtime_at_review': 31, 'last_played': 1763263718}",japanese,"現状ログインできて遊べるかつ、
公式サイトで購入してゲーム内容は把握しているのでおすすめします",1763263864,1763263864,True,1,0,0.496962517499923706,0,True,False,False,False
209277865,"{'steamid': '76561199240400683', 'num_games_owned': 145, 'num_reviews': 11, 'playtime_forever': 1867, 'playtime_last_two_weeks': 1867, 'playtime_at_review': 946, 'last_played': 1763395058}",japanese,"我々はお金を払ってタルコフ遊んでいるのではなく、遊ばさせていただいているのだ・・・。
僕はバグやサーバーエラーなどで評価を下げたりしないよ。",1763210100,1763270432,True,7,5,0.492196381092071533,0,True,False,False,False
209465940,"{'steamid': '76561199729261742', 'num_games_owned': 0, 'num_reviews': 1, 'playtime_forever': 642, 'playtime_last_two_weeks': 642, 'playtime_at_review': 156, 'last_played': 1763480205}",japanese,"Standard Editionを購入してタルコフを初めてプレイしてみました！とても楽しいです！
もっと楽しむために倉庫を拡張したいと考えていましたが、現在アップグレードができないようで悲しいです。

単品購入できるように改善お願いします！！！",1763383574,1763383574,True,3,3,0.491837143898010254,0,True,False,False,False
209416050,"{'steamid': '76561199830810411', 'num_games_owned': 0, 'num_reviews': 2, 'playtime_forever': 642, 'playtime_last_two_weeks': 642, 'playtime_at_review': 203, 'last_played': 1763456791}",japanese,"購入後初めてのレイド
敵を発見し一発ヘッドショットされ即死
最高だねこのゲーム、おススメ。",1763321456,1763321521,True,2,2,0.490454971790313721,0,True,False,False,False
209527424,"{'steamid': '76561198095633897', 'num_games_owned': 0, 'num_reviews': 40, 'playtime_forever': 3001, 'playtime_last_two_weeks': 3001, 'playtime_at_review': 2425, 'last_played': 1763487790}",japanese,"神がそれなりの労力で作って神ゲー
それなりなのでクソ要素も多数。",1763453361,1763453361,True,1,1,0.485764861106872559,0,True,False,False,False
209330950,"{'steamid': '76561199175073400', 'num_games_owned': 0, 'num_reviews': 3, 'playtime_forever': 60, 'playtime_last_two_weeks': 60, 'playtime_at_review': 60, 'last_played': 1763249532}",japanese,"配信日に起動しても全く遊べないので諦めて一夜明けて朝に再び挑戦！すると起動したのでこのソフトは待つことの大切さを教えてくれました！
え？ゲームの評価をしろって？
まだ遊べていないから分からないです！！！",1763245369,1763283509,True,4,3,0.478750675916671753,0,True,False,False,False
209304922,"{'steamid': '76561198160382150', 'num_games_owned': 0, 'num_reviews': 3, 'playtime_forever': 28, 'playtime_last_two_weeks': 28, 'playtime_at_review': 22, 'last_played': 1763241503}",japanese,"タルコフから逃げるな。
タルコフからは逃れられない。



概要
Escape From Tarkov（タルコフ）はマップに出撃してアイテムを漁り、あるいは倒した敵から略奪して、マップから脱出することでアイテムを回収する、いわば脱出系シューターです。
戦闘は現代リアル系シューターで、リグやアーマー、戦術ヘッドセット、オプティクスアイウェア等の装備概念があり、それぞれが戦闘に大きく影響します。また、登場する現代銃器や銃器カスタマイズ品等は実在メーカーのライセンスを取得していて、銃器デザイン、作動模様はガンマニアにも好評です。
タルコフはこのジャンルとしての始祖であり、多くのコアゲーマーに支持される第一線級のゲームとして知られています。

ゲーム開始前に
Steamでは2025／11／15にローンチされましたが、BattleStateGames（本家ゲームプラットフォーム）ではアーリーアクセスが長年行われていたため、そちらでのアカウント、ゲームがあれば、Steamでもスタンダードエディションだけ購入することで引き続きBSGで購入した上位エディションでのプレイが可能です。
これは例えば、BSGで上位のエディションを買ったプレイヤーならSteamでのスタンダードエディションを購入すれば、Steamランチャーからスタンダードエディションではなく上位のエディションをプレイ出来るということです。

プレイ環境について
非常に多くのキーコンフィグがあるため、マウス・キーボードでのプレイが前提です。少なくともコントローラーにキーバインド・アサインしてのプレイには適しません。
PCスペックについても快適にプレイするならばかなりのスペックを要求されます。一方で動けばいいや程度であれば幅広い環境で動きますので、最低システム要件を満たしていれば試しに動かして、足りない部分をアップグレードするのも有りです。



オススメ出来る理由

・シューターゲームとしての一種の完成形
「ソウルライク」「メトロイドヴァニア」といったようにゲームの名前がそのジャンルを表すものがあります。このタルコフも「タルコフライク」と呼ばれる位には脱出シューターとしての第一人者として君臨しており、戦闘システムもかなりの完成度を誇ります。決してカジュアルではありませんが、十年の開発に裏付けされたシューターシステムは間違いなく敬意に値するものでしょう。

・リアルなガンカスタム要素
そのシューターシステムに寄与するのがオリジナルのガンカスタマイズ要素です。例えばM4A1（アメリカの現代アサルトライフル）に関してもミリタリーモデルから民間ARと呼ばれるようなサードパーティー製のアタッチメントを付け替えることが可能です。軽くなったり、閉所で取り回しがしやすくなったり、構えやすくなったり……。弾丸でさえ肉体に大きな損傷を与えるもの、アーマーを破壊するもの、曳光弾と使い分けが出来るようになっており、運用思想の数だけカスタマイズの幅が広がっています。

・アイテム回収、経済システム、資産形成の楽しみ
本作はアイテムをマップで回収して脱出することで、アイテムを持ち帰ることが出来ます。持ち帰ったアイテムで体力を回復したり、次の出撃の装備として使うことも、銃のカスタマイズに使うことも、売却してお金にすることも出来ます。
更には同じプレイヤーに対してフレアマーケットという機能を使ってやりとりすることが可能です。レアなアイテムや皆が欲しがるアイテムを売れば、そのお金で強い装備やアイテムを買うことが出来るでしょう。
そうして出撃・回収・脱出・売却・購入を繰り返し、資産形成をするのもこのゲームでは大きな楽しみの一つになっています。



賛否両論

・日本語実装が完璧ではない
有志によって日本語実装が支援されていますが、日本語が実装されているのは一部に留まります。ありがたいと思うか、不完全かと思うかは、人それぞれでしょう。

・知識量の取得が実力になる
戦闘、システム、アイテム……このゲームはやり込んだだけ知識量が身につき、知識量でぶん殴ることが出来る（死に）覚えゲーです。つまりそれは知識量がなければ狩られるだけということになります。

・ホラー
精神的な苦痛を伴うくらいの恐怖があります。最初は銃声やグレネードの炸裂音が突然響くのに心臓が飛び出るくらい驚くかもしれません。あるいはもの漁りをしていたら突然命を落したり、暗所で敵が潜んでいたり……間違いなく心臓の悪い方にはオススメしません。

・運営
ニキータ（このゲームの象徴的存在）を始め、運営はフィードバックを開発に生かすなど精力的に活動をしています。その熱心さは尊敬を抱くほどです。一方で、アップデートのたびにサーバーがパンクするなど、運営の力不足は否めません。



オススメ出来ない理由

・面白すぎて時間が溶ける
後一戦闘だけ、アイテム倉庫の一整理だけ、店売りアイテムの更新を待って……など、ズルズルとプレイしがちなこのゲーム、きっちり時間を決めてやらないと、明日の学校や会社が大変なことになります。

・プレイが精神的苦痛になりやすい
例えば数十分のハードな戦闘を乗り越えて、戦利品を沢山背負って脱出しようとしたところで待ち伏せにあっけなくやられる……なんてこともあります。または数千ドルの装備で出撃して、一分後には流れ弾ヘッドショット一撃で沈む……なんてこともあります。そうするといくら何でも気持ちも落ち込むものです。

・友人関係を壊しやすい、人間関係が辛くなる（マルチプレイ）
連携が面白いゲームであるタルコフは、面白いがあまりにミスやトラブルが元で友人を無くしやすいゲームです。私も2－3回ほどこのゲームでフレンドや友人を無くしました。またコミュニティに所属すると好まざる人と遊ばなければならなくなることもあるため、人間関係やヘルスケアに気を配る必要があります。

・チート（PVP）
マルチプレイにおいてチートが横行していて、タルコフから逃げたことがあります。
現在ではPVE（オンライン接続のソロプレイ、別売のオプション）があるため戻りましたが、PVPではチーターが居ることも念頭に置かれるべきです。



個人的な感想
長い開発期間を掛けてとても面白いゲームになりました。一方で強いストレッサーも働くゲームです。私はこのゲームのプレイを辛いと思ったこともあります。
内容もハードなため、気軽には勧められませんが、ゲーム自体は間違いなく最高のシューターの一つです。先行プレイでは2－3000時間ほどをプレイしていますが、色んな意味でここまで手強いゲームは後にも先にもありませんでした。
あなたがやりたいと思ったなら、やるべきゲームだと思います。",1763227301,1763227301,True,2,0,0.518942117691040039,0,True,False,False,False
209287362,"{'steamid': '76561198105117782', 'num_games_owned': 314, 'num_reviews': 34, 'playtime_forever': 1904, 'playtime_last_two_weeks': 1904, 'playtime_at_review': 50, 'last_played': 1763477085}",japanese,"原点にして頂点
2018年に購入したまあまあ古参PMCです。
多分一番プレイ時間長いゲーム。サ終したら一ヶ月は落ち込んでると思う
人生プレイしたゲームのトップ3に入る神ゲー
低評価多いけどリリース直後のログイン出来ないだけでいつもの事
ログイン戦争は7年間変わらない味

タルコフ市は全てを与え、全てを奪う
おいでよ、人間の欲と狂気とハイドとチートが渦巻くJapan鯖タルコフシティーへ",1763216410,1763217087,True,4,1,0.45898127555847168,0,True,False,False,False
209300793,"{'steamid': '76561197981606539', 'num_games_owned': 667, 'num_reviews': 1, 'playtime_forever': 3019, 'playtime_last_two_weeks': 3019, 'playtime_at_review': 59, 'last_played': 1763534143}",japanese,"ログイン戦争で賛否両論になってるけど
まともにプレイできても賛否両論っだと思うこのゲーム
人におすすめするかという基準なら「おすすめしない」になるんだけど、
自分は楽しんでるのでそれは「おすすめできる」ということなのかもしれない

私はおすすめしません
アプデでゲーム難易度を上げ続けるようなタイトルを遊びたいですか？

私だって遊びたくないです
でもこのゲームでしか得られない体験があるので最悪です
それではD2で会いましょう",1763224712,1763225042,True,2,3,0.458548218011856079,0,True,False,False,False
209279074,"{'steamid': '76561199361340699', 'num_games_owned': 0, 'num_reviews': 1, 'playtime_forever': 430, 'playtime_last_two_weeks': 430, 'playtime_at_review': 126, 'last_played': 1763528254}",japanese,"発売翌日。対応されログイン可能に。
始まってしまえば待っていた甲斐のあるゲームでした。",1763210909,1763333913,True,1,0,0.501424491405487061,0,True,False,False,False
209344098,"{'steamid': '76561198054104588', 'num_games_owned': 0, 'num_reviews': 3, 'playtime_forever': 930, 'playtime_last_two_weeks': 932, 'playtime_at_review': 67, 'last_played': 1763535216}",japanese,"発売から2、3日は酷いもんだったよ。
でも、普通に遊べるようになったのでおすすめしとくよ。",1763257384,1763387211,True,0,0,0.500803351402282715,0,True,False,False,False
209298364,"{'steamid': '76561198005218973', 'num_games_owned': 91, 'num_reviews': 1, 'playtime_forever': 22, 'playtime_last_two_weeks': 22, 'playtime_at_review': 22, 'last_played': 1763224022}",japanese,"1.0おめでとう、ニキータ
Congratulations on the release of EFT!!",1763223235,1763223235,True,0,1,0.5,0,True,False,False,False
209447925,"{'steamid': '76561198057702610', 'num_games_owned': 279, 'num_reviews': 18, 'playtime_forever': 2887, 'playtime_last_two_weeks': 2887, 'playtime_at_review': 1167, 'last_played': 1763534969}",japanese,"PvPのカスタムで3馬鹿倒せて脱出できた瞬間は神ゲーでした。
しかし相変わらずマッチングがゴミです。
改善するアナウンスは出てるので期待を込めて★5です。",1763354795,1763354795,True,5,0,0.449138045310974121,0,True,False,False,False
209383594,"{'steamid': '76561199443287217', 'num_games_owned': 0, 'num_reviews': 4, 'playtime_forever': 389, 'playtime_last_two_weeks': 389, 'playtime_at_review': 290, 'last_played': 1763427444}",japanese,マッチング時間をどうやって有意義に過ごすかを考えるゲームです自分を見直せる時間になるので過ごすおすすめです,1763298000,1763298000,True,0,0,0.439247012138366699,0,True,False,False,False
209457092,"{'steamid': '76561199826361862', 'num_games_owned': 0, 'num_reviews': 1, 'playtime_forever': 792, 'playtime_last_two_weeks': 792, 'playtime_at_review': 623, 'last_played': 1763534885}",japanese,"新参者ですが、とても面白いです。めっちゃ死にますが面白いです。めっちゃ瞬殺されますが面白いです。マッチングもまあまあ早いですし、ちょっとサーバーが不安定なこともありますが、面白いです。
すべてが楽しいです。最高のゲームです。",1763370081,1763370081,True,2,2,0.439130634069442749,0,True,False,False,False
209558660,"{'steamid': '76561198196257479', 'num_games_owned': 72, 'num_reviews': 3, 'playtime_forever': 878, 'playtime_last_two_weeks': 878, 'playtime_at_review': 792, 'last_played': 1763504011}",japanese,"北米サーバーオンリーにすれば普通に遊べます。
文句言ってる人はたくさんいますけど、調べれば情報出てきます。MAPは覚えたらよい

ゴミ拾いゲームは初めてですが面白いです。ゲームで苦行することは人生においてプラスに働くでしょう。
",1763489044,1763489044,True,4,1,0.420704483985900879,0,True,False,False,False
209362682,"{'steamid': '76561198774742485', 'num_games_owned': 0, 'num_reviews': 1, 'playtime_forever': 2276, 'playtime_last_two_weeks': 2276, 'playtime_at_review': 570, 'last_played': 1763506500}",japanese,"鯖は入れてもマッチしないし出待ちされて殺される
でもきっとこのゲームは楽しいと思う",1763277613,1763277613,True,0,0,0.471698105335235596,0,True,False,False,False
209542003,"{'steamid': '76561198070416156', 'num_games_owned': 0, 'num_reviews': 9, 'playtime_forever': 3528, 'playtime_last_two_weeks': 3528, 'playtime_at_review': 3166, 'last_played': 1763534839}",japanese,"β含めて1,000程遊びました。
不評のほとんどが脆弱なサーバー回りに関してですが、2025年11月18日現在ではほぼ解決しています。
マッチング時間も１分半～３分位で入れることが多いです。

リリース直後のサーバーに関する批判は本当に擁護できないレベルなので、開発は甘んじて受け入れてください。
ワイプ直後はこれが当たり前だから～という古参勢の態度も納得いきません。

とはいえ、問題の解決した現在、ゲームとしてはやはり非常に面白いです。
リリース直後の評価見てやらないのは本当にもったいないと思います。

特にDayZ楽しめたそこのあなた、絶対にやった方がいい。",1763473475,1763473475,True,2,1,0.401917368173599243,0,True,False,False,False
209339789,"{'steamid': '76561199078125418', 'num_games_owned': 0, 'num_reviews': 1, 'playtime_forever': 742, 'playtime_last_two_weeks': 742, 'playtime_at_review': 38, 'last_played': 1763471701}",japanese,steam版を購入した。流石だね！未だプレイすら出来ないゲームは久方ぶりかな？これぞタルコフよ！！,1763252999,1763252999,True,1,2,0.391906827688217163,0,True,False,False,False
209508998,"{'steamid': '76561198931311460', 'num_games_owned': 38, 'num_reviews': 2, 'playtime_forever': 61, 'playtime_last_two_weeks': 61, 'playtime_at_review': 61, 'last_played': 1763375327}",japanese,"グワァーー。何の処理をしたらサブモニターで必ず開くようになるんだｸﾞﾜｧ？モニターを設定から切断するのだるいから多分もう起動しないｸﾞﾜｧ。Unityってたしかデフォでメインモニターに開くｸﾞﾜｧ？Windowsのショートカットで移動できないようになってないｸﾞﾜｧ？フォーカス外して戻ってきたら、描画が再開されないようになってないｸﾞﾜｧ？

アヒル愛でてくるわ🐣ｸﾞﾜｧｸﾞﾜｧ

あ、ちなみにウェブサイトから買った方がいいよ。あとからスチームに連携できるから。",1763425878,1763425878,True,3,3,0.389043897390365601,1,True,False,False,False
209478760,"{'steamid': '76561199521572247', 'num_games_owned': 0, 'num_reviews': 8, 'playtime_forever': 534, 'playtime_last_two_weeks': 534, 'playtime_at_review': 427, 'last_played': 1763479235}",japanese,ニキータへ献金の為にSteam版も購入しましたが、やはり面白いです。キルをしても面白いし、倒されても面白いし、SCAVでゴミ漁りしてても面白いです。全人類はタルコフをプレイするべき。,1763396529,1763396529,True,2,0,0.379599571228027344,0,True,False,False,False
209486825,"{'steamid': '76561198800557157', 'num_games_owned': 0, 'num_reviews': 3, 'playtime_forever': 1428, 'playtime_last_two_weeks': 1428, 'playtime_at_review': 669, 'last_played': 1763534304}",japanese,"唯一無二。こだわり抜いたルートシューターの始祖。
バリバリの競技FPSプレーヤーから、PCゲーム初心者まで、誰にでも楽しめる生き方がある。
100人いれば100通りの遊び方があるタルコフ市で生活し、いつかここから逃げるゲーム。
いつ逃げたっていいんです。来年でも、10年後でも。逃げるまでは遊びましょう。
ただひとつ、残念なのは人気殺到アクセス集中でリリース初日から盛大に繋がらなかったりマッチング待ちに何十分もかかるところですね～。これらの問題は時間が解決してくれると思います。
楽しみましょう。私が言えることは一つだけです。ヤレ。",1763403803,1763403803,True,1,0,0.349543958902359009,0,True,False,False,False
209440241,"{'steamid': '76561198298500643', 'num_games_owned': 62, 'num_reviews': 3, 'playtime_forever': 2246, 'playtime_last_two_weeks': 2246, 'playtime_at_review': 861, 'last_played': 1763534222}",japanese,"昨日始めました
とりあえず出陣して走り回って死んでますが楽しいです
",1763344415,1763344415,True,1,1,0.499105542898178101,0,True,False,False,False
209377486,"{'steamid': '76561198798759543', 'num_games_owned': 33, 'num_reviews': 1, 'playtime_forever': 30, 'playtime_last_two_weeks': 30, 'playtime_at_review': 29, 'last_played': 1763295031}",japanese,"みんなと同じようなエラーで、言われている対策を何時間かしてみても解決しなかったので返品しました。出たばかりのゲームにはこういうことはつきものですね。
機会があったら公式で買います。",1763292809,1763292809,True,2,0,0.440891474485397339,0,True,False,False,False
209444000,"{'steamid': '76561198155722521', 'num_games_owned': 284, 'num_reviews': 13, 'playtime_forever': 1624, 'playtime_last_two_weeks': 1624, 'playtime_at_review': 787, 'last_played': 1763533493}",japanese,"脱出シューターはロシアで生まれました。中国の発明品じゃありません。Battlestate Gamesのオリジナルです。しばし遅れを取りましたが、今や巻き返しの時です。ゴミ拾いがお好き？結構。ではますます好きになりますよ。
さあさどうぞ。武器が格好いいでしょう？あぁ仰らないで。すべて実在、レ〇ダースの架空のレーザービーム砲なんて見かけだけでダサいし、クラフトのコストは異常に高いし、対人戦にも使えないわ、ろくな事はない。
弾薬もたっぷりありますよ、どんなトリガーハッピーでも大丈夫。
どうぞ持ってみて下さい、いい武器でしょう。余裕のエルゴだ、カスタムが違いますよ。

一番気に入ってるのは･･･

･･･何です？

このゲームの値段ＤＡ。(一番上級のUnheard Editionは驚愕の4 万 円)

ああ、何を！ああっ、待って！ここで発砲しちゃ駄目ですよ！待って！撃つな！うぁあ― (head, eyes)",1763349243,1763349243,True,1,11,0.286374688148498535,0,True,False,False,False
209538366,"{'steamid': '76561199008087021', 'num_games_owned': 58, 'num_reviews': 1, 'playtime_forever': 134, 'playtime_last_two_weeks': 134, 'playtime_at_review': 134, 'last_played': 1763447559}",japanese,まぁ発売初日いつもは前からタルコフが遅いから分かっていたけど。最初から完璧に出来るわけじゃないからな本当分かってないからなぁこの人達で,1763469573,1763469573,True,0,3,0.311663806438446045,0,True,False,False,False
209366379,"{'steamid': '76561199074761505', 'num_games_owned': 68, 'num_reviews': 2, 'playtime_forever': 25, 'playtime_last_two_weeks': 25, 'playtime_at_review': 25, 'last_played': 1763280757}",japanese,お金を払ってもゲームを遊ばせてくれない神げーです。,1763281686,1763281686,True,3,1,0.45703810453414917,0,True,False,False,False
209283399,"{'steamid': '76561198025637769', 'num_games_owned': 1412, 'num_reviews': 7, 'playtime_forever': 974, 'playtime_last_two_weeks': 974, 'playtime_at_review': 30, 'last_played': 1763522842}",japanese,猫麦とろろちゃんの配信のほうが楽しいかもです！,1763213761,1763213761,True,5,3,0.368403464555740356,0,True,False,False,False
209359912,"{'steamid': '76561198076026035', 'num_games_owned': 0, 'num_reviews': 1, 'playtime_forever': 1489, 'playtime_last_two_weeks': 1489, 'playtime_at_review': 314, 'last_played': 1763452625}",japanese,"何年も待ったんだ。1日ぐらいどうってことないさ。

文句を言っているやつら？
とっととやめな。",1763274385,1763274824,True,3,6,0.272634565830230713,0,True,False,False,False
209343814,"{'steamid': '76561198421082709', 'num_games_owned': 0, 'num_reviews': 1, 'playtime_forever': 1773, 'playtime_last_two_weeks': 1773, 'playtime_at_review': 240, 'last_played': 1763471449}",japanese,ログイン戦争だけで四時間以上遊べる神ゲー,1763257101,1763257101,True,0,2,0.423452764749526978,0,True,False,False,False
209277198,"{'steamid': '76561198154777524', 'num_games_owned': 0, 'num_reviews': 19, 'playtime_forever': 629, 'playtime_last_two_weeks': 629, 'playtime_at_review': 36, 'last_played': 1763476913}",japanese,"[h3] 身体は逃走を求める　〜[i]横好きのタナトロジー[/i]〜 [/h3]
　
プレイしていて湧き上がってくるのは闘争の喜び…ではない
生還の喜び…拾い集めた価値を積み上げる喜び……その価値を他者から奪う昏い喜び
　
MMORPGの黎明期から多くの者達が憧れ、しかしその苛烈さにユーザーの大半は耐えられないという当然といえば当然の理由から歪められ、抑制され、結局は主流から外れたもの
……タルコフにはその蛮性がまだ息づいている
　
奪われる事を最低限に抑え、競う事に主軸を置いた仮想の闘争から半歩立ち返った奪いあう世界には戦って勝つ以外の目的がある───
「脱出を目指す」という依代たるPMCの願望、垣間見える住民達の物語…それらが殺し合い他者を糧とする蛮性に生の喜びを伴わせていく
───失われる物が、失わなかった喜びを呼び起こす仮想の生

…まあ、何度命を失ってもPMCの人生は続くのだが[spoiler] 生死学において国家/企業とは生者のみを見るものなのだとか……というかテラグループゾンビ薬とか作ってたな…まさか───いや  [/spoiler]　ゲームとはそういうもの、魂たるプレイヤーが場に残り続ける限り甦るものだ　
───失い続け、しかし立ち上る意思を問うてくる仮想の死
　

…多分　私の技量ではタルコフを脱出する事は叶わないだろう
だが今はそれを試みたいと思っている

身体は逃走を求める　心（ワタシ）は闘争を求める
生の喜びを縁とした我々は今日も起き上がり荒廃した都市を彷徨っていく
いつか心折れて片隅で動かなくなるその日まで",1763209689,1763209689,True,6,9,0.366626709699630737,0,True,False,False,False
209393829,"{'steamid': '76561199270290130', 'num_games_owned': 23, 'num_reviews': 24, 'playtime_forever': 1857, 'playtime_last_two_weeks': 1857, 'playtime_at_review': 573, 'last_played': 1763480921}",japanese,"F*CK YOU NIKITA
ほんとにストレスしかない
まじで紙ゲーだな",1763305643,1763338575,True,3,0,0.537234067916870117,0,True,False,False,False
209352253,"{'steamid': '76561198853013023', 'num_games_owned': 0, 'num_reviews': 1, 'playtime_forever': 263, 'playtime_last_two_weeks': 263, 'playtime_at_review': 88, 'last_played': 1763519847}",japanese,小学生の頃からずっとタルコフに憧れてました。,1763265820,1763265820,True,4,1,0.528487563133239746,0,True,False,False,False
209590408,"{'steamid': '76561198966169846', 'num_games_owned': 0, 'num_reviews': 5, 'playtime_forever': 901, 'playtime_last_two_weeks': 901, 'playtime_at_review': 731, 'last_played': 1763519968}",japanese,"いいゲームだと感じるんだけどなー色々と難あり
製品版としてよく出せましたね、、、更なる改善と対策そして発展を期待しております",1763511425,1763511439,True,0,0,0.5,0,True,False,False,False
209353444,"{'steamid': '76561198058346660', 'num_games_owned': 170, 'num_reviews': 4, 'playtime_forever': 1339, 'playtime_last_two_weeks': 1339, 'playtime_at_review': 93, 'last_played': 1763476195}",japanese,ランチャー立ち上げてプレイ押してすぐにレポート送るかって出てプレイできなかったけど、カスペルスキー切ったら起動した。,1763267106,1763267106,True,0,0,0.5,0,True,False,False,False
209294985,"{'steamid': '76561198395793870', 'num_games_owned': 0, 'num_reviews': 12, 'playtime_forever': 48, 'playtime_last_two_weeks': 48, 'playtime_at_review': 13, 'last_played': 1763280141}",japanese,ERROR：213とERROR：0を行ったり来たりするゲーム,1763221198,1763221198,True,1,1,0.483925551176071167,1,True,False,False,False
209291320,"{'steamid': '76561198081855833', 'num_games_owned': 0, 'num_reviews': 15, 'playtime_forever': 251, 'playtime_last_two_weeks': 251, 'playtime_at_review': 205, 'last_played': 1763458875}",japanese,"起動できない。０点。
===
11/16　起動するようになりました。コツコツやっていこうと思います。",1763218999,1763373147,True,0,0,0.5,0,True,False,False,False
209369967,"{'steamid': '76561199257055923', 'num_games_owned': 50, 'num_reviews': 6, 'playtime_forever': 2986, 'playtime_last_two_weeks': 2986, 'playtime_at_review': 763, 'last_played': 1763533693}",japanese,サーバー以外は最高のゲーム,1763285510,1763312816,True,0,0,0.5,0,True,False,False,False
209402753,"{'steamid': '76561198863176950', 'num_games_owned': 0, 'num_reviews': 10, 'playtime_forever': 780, 'playtime_last_two_weeks': 780, 'playtime_at_review': 533, 'last_played': 1763472822}",japanese,おい　そこのやつ　文句を言わずに耐え抜け,1763311888,1763378524,True,4,2,0.364514559507369995,0,True,False,False,False
209272774,"{'steamid': '76561198089093365', 'num_games_owned': 0, 'num_reviews': 4, 'playtime_forever': 4852, 'playtime_last_two_weeks': 4852, 'playtime_at_review': 17, 'last_played': 1763527502}",japanese,おめでとう。ニキータ。,1763207023,1763207023,True,47,3,0.733990848064422607,0,True,False,False,False
209430194,"{'steamid': '76561198325654608', 'num_games_owned': 52, 'num_reviews': 6, 'playtime_forever': 2127, 'playtime_last_two_weeks': 2127, 'playtime_at_review': 642, 'last_played': 1763532248}",japanese,BSG版より軽くて快適！,1763333122,1763333122,True,1,1,0.49683418869972229,0,True,False,False,False
209338157,"{'steamid': '76561198850559036', 'num_games_owned': 206, 'num_reviews': 8, 'playtime_forever': 8, 'playtime_last_two_weeks': 8, 'playtime_at_review': 7, 'last_played': 1763262700}",japanese,SSDにゲームを入れよう❗,1763251411,1763251411,True,2,1,0.467705249786376953,0,True,False,False,False
209274415,"{'steamid': '76561198067795475', 'num_games_owned': 262, 'num_reviews': 52, 'playtime_forever': 3164, 'playtime_last_two_weeks': 3164, 'playtime_at_review': 36, 'last_played': 1763533590}",japanese,ドンシューとか甘えたこと言ってる奴は帰ってどうぞ,1763208078,1763208078,True,39,15,0.582857012748718262,0,True,False,False,False
209277543,"{'steamid': '76561199386336271', 'num_games_owned': 162, 'num_reviews': 1, 'playtime_forever': 2700, 'playtime_last_two_weeks': 2700, 'playtime_at_review': 19, 'last_played': 1763532560}",japanese,唯一無二の王,1763209896,1763209896,True,0,0,0.496884763240814209,0,True,False,False,False
209279139,"{'steamid': '76561198368525544', 'num_games_owned': 567, 'num_reviews': 24, 'playtime_forever': 435, 'playtime_last_two_weeks': 435, 'playtime_at_review': 60, 'last_played': 1763472468}",japanese,発売おめでとう,1763210948,1763210948,True,4,2,0.544468522071838379,0,True,False,False,False
209366926,"{'steamid': '76561198868104233', 'num_games_owned': 114, 'num_reviews': 31, 'playtime_forever': 440, 'playtime_last_two_weeks': 440, 'playtime_at_review': 115, 'last_played': 1763464833}",japanese,散歩してるだけで楽しいのでおすすめです,1763282312,1763282312,True,2,0,0.490745514631271362,0,True,False,False,False
209423758,"{'steamid': '76561197981243501', 'num_games_owned': 504, 'num_reviews': 83, 'playtime_forever': 1493, 'playtime_last_two_weeks': 1493, 'playtime_at_review': 769, 'last_played': 1763503261}",japanese,今更語ることもないけど,1763327438,1763327438,True,2,0,0.50082165002822876,0,True,False,False,False
209402658,"{'steamid': '76561198119803393', 'num_games_owned': 0, 'num_reviews': 6, 'playtime_forever': 408, 'playtime_last_two_weeks': 408, 'playtime_at_review': 403, 'last_played': 1763375776}",japanese,やっぱこれよ,1763311829,1763311829,True,2,0,0.482666522264480591,0,True,False,False,False
209476280,"{'steamid': '76561198204115407', 'num_games_owned': 168, 'num_reviews': 1, 'playtime_forever': 2208, 'playtime_last_two_weeks': 2208, 'playtime_at_review': 1437, 'last_played': 1763533529}",japanese,ニキータ大好き,1763394202,1763394202,True,3,0,0.433002382516860962,0,True,False,False,False
209304402,"{'steamid': '76561199485026330', 'num_games_owned': 108, 'num_reviews': 6, 'playtime_forever': 42, 'playtime_last_two_weeks': 42, 'playtime_at_review': 8, 'last_played': 1763282195}",japanese,５時まで頑張る,1763226985,1763226985,True,3,0,0.525342285633087158,0,True,False,False,False
209392078,"{'steamid': '76561199121484194', 'num_games_owned': 100, 'num_reviews': 5, 'playtime_forever': 1930, 'playtime_last_two_weeks': 1930, 'playtime_at_review': 1242, 'last_played': 1763477576}",japanese,待ち時間含めて楽しい。,1763304436,1763304436,True,1,0,0.516499459743499756,0,True,False,False,False
209275380,"{'steamid': '76561199228023572', 'num_games_owned': 222, 'num_reviews': 46, 'playtime_forever': 154, 'playtime_last_two_weeks': 154, 'playtime_at_review': 64, 'last_played': 1763454705}",japanese,開ける！,1763208617,1763248949,True,10,0,0.590062558650970459,1,True,False,False,False
209297299,"{'steamid': '76561198087559926', 'num_games_owned': 0, 'num_reviews': 4, 'playtime_forever': 2318, 'playtime_last_two_weeks': 2318, 'playtime_at_review': 7, 'last_played': 1763522655}",japanese,"うけるｗ
",1763222576,1763222576,True,1,2,0.505639970302581787,1,True,False,False,False
209347306,"{'steamid': '76561199695600120', 'num_games_owned': 0, 'num_reviews': 1, 'playtime_forever': 2141, 'playtime_last_two_weeks': 2145, 'playtime_at_review': 267, 'last_played': 1763534213}",japanese,aaaaaaaaaaaaaaaaaaaaaaaaaa,1763260671,1763260671,True,0,0,0.476190477609634399,0,True,False,False,False
209468489,"{'steamid': '76561199603012965', 'num_games_owned': 23, 'num_reviews': 2, 'playtime_forever': 1785, 'playtime_last_two_weeks': 1785, 'playtime_at_review': 933, 'last_played': 1763533528}",japanese,f,1763386427,1763386427,True,0,0,0.486111104488372803,0,True,False,False,False
209394552,"{'steamid': '76561199236846350', 'num_games_owned': 0, 'num_reviews': 9, 'playtime_forever': 1238, 'playtime_last_two_weeks': 1238, 'playtime_at_review': 203, 'last_played': 1763535063}",japanese,t,1763306169,1763306169,True,0,0,0.496575325727462769,0,True,False,False,False
209319755,"{'steamid': '76561198425545010', 'num_games_owned': 0, 'num_reviews': 3, 'playtime_forever': 2595, 'playtime_last_two_weeks': 2595, 'playtime_at_review': 166, 'last_played': 1763533631}",japanese,a,1763237071,1763237071,True,0,0,0.5,0,True,False,False,False
